{"inputUnits":[42],"outputUnits":2,"inputs":{"0":{"dtype":"number","min":184.13769253502468,"max":322.18097834504107},"1":{"dtype":"number","min":262.75740113299855,"max":411.1451896436002},"2":{"dtype":"number","min":173.32615229175397,"max":372.48211143214945},"3":{"dtype":"number","min":235.469309429745,"max":381.7914283264701},"4":{"dtype":"number","min":174.31415484635593,"max":408.04067572211113},"5":{"dtype":"number","min":199.36481126375733,"max":340.766483240527},"6":{"dtype":"number","min":181.87619804686227,"max":431.35327485763344},"7":{"dtype":"number","min":163.8206110945204,"max":310.20097583116166},"8":{"dtype":"number","min":177.3634007805222,"max":454.45711840908444},"9":{"dtype":"number","min":131.87619345664703,"max":295.9043742643472},"10":{"dtype":"number","min":209.0334272455315,"max":394.8765359803719},"11":{"dtype":"number","min":155.46918996323052,"max":294.52291049071545},"12":{"dtype":"number","min":198.25141587588513,"max":431.7210031732194},"13":{"dtype":"number","min":133.63545713179184,"max":272.08991509268674},"14":{"dtype":"number","min":193.99671928580878,"max":454.22189404505673},"15":{"dtype":"number","min":115.24703216703729,"max":315.3859382417286},"16":{"dtype":"number","min":195.12456785047232,"max":470.07904497911954},"17":{"dtype":"number","min":87.96265990448806,"max":330.03047045547817},"18":{"dtype":"number","min":184.78469040140084,"max":360.2458298893808},"19":{"dtype":"number","min":154.27705463583106,"max":296.0689500163726},"20":{"dtype":"number","min":172.90603523095876,"max":391.6846181925222},"21":{"dtype":"number","min":137.61351436302508,"max":275.0169092272699},"22":{"dtype":"number","min":180.43444630700475,"max":384.41129197988874},"23":{"dtype":"number","min":102.29552590670181,"max":322.99763795836077},"24":{"dtype":"number","min":189.26159050237018,"max":394.0261661920855},"25":{"dtype":"number","min":74.25681781116,"max":331.55262455990396},"26":{"dtype":"number","min":159.94214269581846,"max":324.8810054030283},"27":{"dtype":"number","min":161.0204260414189,"max":299.6663009308682},"28":{"dtype":"number","min":150.41434885983992,"max":353.57775313781565},"29":{"dtype":"number","min":145.40241383711032,"max":279.62443542902497},"30":{"dtype":"number","min":161.4524235539655,"max":346.4883971689174},"31":{"dtype":"number","min":112.77973858978305,"max":325.689621913103},"32":{"dtype":"number","min":170.17579707137656,"max":339.3543947312873},"33":{"dtype":"number","min":85.03472066149155,"max":333.53183452030873},"34":{"dtype":"number","min":137.86676441747062,"max":296.7912317187963},"35":{"dtype":"number","min":171.11466149472218,"max":305.11579879443514},"36":{"dtype":"number","min":130.28698488907412,"max":324.84127088903756},"37":{"dtype":"number","min":164.48484162875445,"max":290.3407645234932},"38":{"dtype":"number","min":137.73616885584954,"max":326.4056710552969},"39":{"dtype":"number","min":137.94679712732645,"max":322.1191227927402},"40":{"dtype":"number","min":143.8265918646798,"max":318.4740709533922},"41":{"dtype":"number","min":112.75301227226662,"max":330.08885814850225}},"outputs":{"0":{"dtype":"string","min":0,"max":1,"uniqueValues":["a","b"],"legend":{"a":[1,0],"b":[0,1]}}},"isNormalized":true}